ts,fps,mbps,avg_latency_ms,jitter_ms,drop_total,cpu
1759139132,0.255,0.053,158.45,0.00,0,0.0
1759139133,10.962,2.499,149.69,4.93,0,0.5
1759139134,9.995,2.270,148.93,3.82,0,0.0
1759139135,9.953,2.298,148.40,3.27,0,0.0
1759139136,9.970,2.311,148.15,2.89,0,0.2
1759139137,9.949,2.303,148.01,2.61,0,0.0
1759139138,9.948,2.291,147.91,2.41,0,0.0
1759139139,9.982,2.304,147.83,2.24,0,0.2
1759139140,9.965,2.292,147.77,2.11,0,0.2
1759139141,9.969,2.294,147.72,2.00,0,0.0
1759139142,9.966,2.294,147.68,1.90,0,0.2
1759139143,9.963,2.303,147.40,0.47,0,0.0
1759139144,9.958,2.307,147.40,0.47,0,0.0
1759139145,9.958,2.310,147.34,0.22,0,0.0
1759139146,9.962,2.313,147.37,0.23,0,0.0
1759139147,9.984,2.264,147.37,0.24,0,0.5
1759139148,9.948,2.218,147.37,0.24,0,0.0
1759139149,9.933,2.212,147.38,0.25,0,0.0
1759139150,9.994,2.211,147.39,0.25,0,0.0
1759139151,9.967,2.205,147.39,0.25,0,0.0
1759139152,9.951,2.204,147.38,0.25,0,0.2
1759139153,9.954,2.210,147.41,0.26,0,0.0
1759139154,9.957,2.208,147.42,0.25,0,0.0
1759139155,9.951,2.204,147.43,0.23,0,0.0
1759139156,9.965,2.214,147.44,0.23,0,0.0
1759139157,9.975,2.218,147.42,0.21,0,0.2
1759139158,9.960,2.211,147.42,0.20,0,0.0
1759139159,9.971,2.212,147.43,0.21,0,0.0
1759139160,9.957,2.210,147.44,0.19,0,0.0
1759139161,9.954,2.208,147.44,0.18,0,0.0
1759139162,9.977,2.211,147.46,0.18,0,0.5
1759139163,9.955,2.203,147.49,0.18,0,0.0
1759139164,9.967,2.204,147.51,0.18,0,0.0
1759139165,9.969,2.204,147.50,0.18,0,0.0
1759139166,9.966,2.205,147.51,0.18,0,0.2
1759139167,9.947,2.205,147.53,0.18,0,0.0
1759145730,0.266,0.071,206.71,0.00,0,0.0
1759145731,10.936,2.449,191.21,9.00,0,0.2
1759145732,9.980,2.298,189.69,6.99,0,0.2
1759145733,9.964,2.288,188.88,5.99,0,0.0
1759145734,9.977,2.293,188.16,5.40,0,0.0
1759145735,9.959,2.287,187.73,4.95,0,0.0
1759145736,9.933,2.282,187.51,4.59,0,0.2
1759145737,9.986,2.291,187.60,4.25,0,0.0
1759145738,9.949,2.284,187.60,3.99,0,0.0
1759145739,9.963,2.287,187.53,3.78,0,0.0
1759145740,9.948,2.285,187.42,3.61,0,0.2
1759145741,9.975,2.289,186.85,0.99,0,0.2
1759145742,9.955,2.296,186.71,0.98,0,0.0
1759145743,9.989,2.307,186.54,0.94,0,0.0
1759145744,9.940,2.280,186.46,0.91,0,0.0
1759145745,9.934,2.280,186.48,0.90,0,0.2
1759145746,10.013,2.298,186.50,0.90,0,0.0
1759145747,9.921,2.283,186.42,0.83,0,0.0
1759145748,9.950,2.289,186.25,0.66,0,0.0
1759145749,9.967,2.291,186.11,0.49,0,0.2
1759145750,9.982,2.291,186.00,0.41,0,0.0
1759145751,9.934,2.281,185.97,0.38,0,0.2
1759145752,10.001,2.297,185.98,0.39,0,0.0
1759145753,9.987,2.303,185.98,0.38,0,0.0
1759145754,9.925,2.288,186.00,0.37,0,0.0
1759145755,9.968,2.287,186.02,0.39,0,0.2
1759145756,9.979,2.286,186.04,0.48,0,0.0
1759145757,9.922,2.280,186.03,0.45,0,0.0
1759145758,9.970,2.348,186.04,0.44,0,0.0
1759145759,9.950,2.435,186.10,0.48,0,0.0
1759145760,9.908,2.405,186.21,0.56,0,0.2
1759145761,9.972,2.357,186.34,0.66,0,0.0
1759145762,9.984,2.393,186.51,0.86,0,0.3
1759145763,9.971,2.358,186.54,0.90,0,0.0
1759145764,9.960,2.376,186.56,0.89,0,0.2
1759145765,9.964,2.380,186.57,0.89,0,0.0
1759145777,10.740,2.501,186.91,2.40,0,0.1
1759145778,9.982,2.320,186.59,1.77,0,0.0
1759145779,9.940,2.314,186.48,1.47,0,0.0
1759145780,9.971,2.319,186.42,1.28,0,0.0
1759145781,9.984,2.318,186.40,1.16,0,0.0
1759145782,9.946,2.305,186.34,1.07,0,0.0
1759145783,9.938,2.299,186.33,0.99,0,0.2
1759145784,9.966,2.285,186.32,0.93,0,0.2
1759145785,9.943,2.296,186.31,0.89,0,0.0
1759145786,9.977,2.326,186.30,0.85,0,0.2
1759145787,9.986,2.320,186.21,0.22,0,0.0
1759145788,9.943,2.306,186.21,0.22,0,0.0
1759145789,9.910,2.301,186.20,0.23,0,0.2
1759145790,9.958,2.309,186.21,0.24,0,0.2
1759145791,10.013,2.361,186.21,0.25,0,0.0
1759145792,9.928,2.344,186.22,0.25,0,0.0
1759145793,9.950,2.355,186.24,0.24,0,0.2
1759145794,9.972,2.362,186.24,0.24,0,0.0
1759145795,9.996,2.369,186.27,0.26,0,0.0
1759145796,9.925,2.345,186.31,0.30,0,0.2
1759145797,9.978,2.360,186.33,0.30,0,0.0
1759145798,9.970,2.356,186.34,0.30,0,0.0
1759145799,9.982,2.356,186.36,0.29,0,0.2
1759145800,9.936,2.320,186.38,0.28,0,0.0
1759145897,0.255,0.047,202.26,0.00,0,0.0
1759145898,10.981,2.445,192.64,7.88,0,0.0
1759145899,9.939,2.291,191.39,6.07,0,0.2
1759145900,9.951,2.273,190.61,5.17,0,0.2
1759145901,9.979,2.277,190.25,4.57,0,0.0
1759145902,9.982,2.280,189.95,4.16,0,0.0
1759145903,9.961,2.279,189.58,3.90,0,0.5
1759145904,9.933,2.262,189.36,3.67,0,0.0
1759145905,9.991,2.249,189.13,3.50,0,0.0
1759145906,9.952,2.255,189.02,3.32,0,0.0
1759145907,9.976,2.271,188.98,3.16,0,0.2
1759145908,9.950,2.266,188.60,0.95,0,0.2
1759145909,9.946,2.240,188.58,0.95,0,0.2
1759145910,9.978,2.234,188.51,0.78,0,0.0
1759145911,9.980,2.243,188.40,0.80,0,0.0
1759145912,9.947,2.248,188.26,0.78,0,0.0
1759145913,9.984,2.299,188.19,0.75,0,0.3
1759145914,9.972,2.263,188.20,0.75,0,0.2
1759145915,9.987,2.269,188.17,0.73,0,0.0
1759145916,9.919,2.265,188.20,0.71,0,0.0
1759145917,9.994,2.281,188.17,0.70,0,0.2
1759145918,9.969,2.274,188.09,0.71,0,0.2
1759145919,9.912,2.259,187.99,0.67,0,0.0
1759145921,9.966,2.276,187.86,0.55,0,0.2
1759145922,9.948,2.276,187.75,0.30,0,0.0
1759145923,9.989,2.287,187.76,0.32,0,0.3
1759145924,9.940,2.276,187.78,0.34,0,0.0
1759145925,9.953,2.280,187.78,0.36,0,0.5
1759145926,9.960,2.417,187.80,0.37,0,0.0
1759145927,9.988,2.500,187.85,0.44,0,0.0
1759145928,9.960,2.460,187.94,0.89,0,0.2
1759145929,9.956,2.265,187.94,0.88,0,0.2
1759145930,9.921,2.284,187.95,0.87,0,0.0
1759145931,9.974,2.252,187.96,0.87,0,0.0
1759145932,9.971,2.382,187.97,0.87,0,0.5
1759145933,9.973,2.398,187.98,0.87,0,0.0
1759145945,10.656,2.442,188.86,3.67,0,0.0
1759145946,10.003,2.299,188.29,2.66,0,0.0
1759145947,9.915,2.276,188.17,2.23,0,0.0
1759145948,9.956,2.288,188.11,1.95,0,0.2
1759145949,9.935,2.269,188.07,1.77,0,0.2
1759145950,9.971,2.264,188.08,1.65,0,0.0
1759145951,9.997,2.286,188.03,1.54,0,0.0
1759145952,9.976,2.282,188.02,1.45,0,0.0
1759145953,9.915,2.268,188.01,1.37,0,0.2
1759145954,9.959,2.273,188.03,1.32,0,0.2
1759145955,9.974,2.314,187.95,0.58,0,0.0
1759145956,9.976,2.321,187.97,0.57,0,0.0
1759145957,9.853,2.349,188.01,0.58,0,0.0
1759145958,9.983,2.416,188.02,0.56,0,0.3
1759145959,9.980,2.413,188.03,0.58,0,0.2
1759145960,9.967,2.418,188.05,0.56,0,0.0
1759145961,9.914,2.407,188.03,0.48,0,0.0
1759145962,9.986,2.422,188.06,0.48,0,0.2
1759145963,9.935,2.407,188.07,0.48,0,0.0
1759145964,9.952,2.412,188.07,0.48,0,0.2
1759145965,9.948,2.411,188.06,0.45,0,0.2
1759145966,9.979,2.417,188.03,0.33,0,0.0
1759145967,9.949,2.411,188.06,0.34,0,0.0
1759145968,9.947,2.410,188.05,0.33,0,0.2
1759145969,9.960,2.415,188.07,0.33,0,0.7
1759145970,9.945,2.409,188.08,0.32,0,0.0
1759145971,10.020,2.428,188.09,0.32,0,0.0
1759145972,9.941,2.409,188.09,0.32,0,0.2
1759145973,9.939,2.373,188.11,0.31,0,0.0
1759145974,9.975,2.369,188.12,0.29,0,0.0
1759145975,9.954,2.381,188.14,0.28,0,0.2
1759145976,9.965,2.385,188.15,0.28,0,0.0
1759145977,9.935,2.375,188.17,0.25,0,0.2
1759145978,9.984,2.393,188.17,0.23,0,0.0
1759145979,9.946,2.381,188.18,0.24,0,0.0
1759145980,9.976,2.405,188.18,0.23,0,0.2
1759145981,9.986,2.430,188.18,0.22,0,0.0
1759145982,9.929,2.414,188.20,0.22,0,0.2
1759145983,9.959,2.423,188.23,0.22,0,0.2
1759145995,10.653,2.409,190.15,5.13,0,0.0
1759145996,9.967,2.257,189.33,3.81,0,0.2
1759145997,9.941,2.256,189.05,3.17,0,0.2
1759145998,9.960,2.265,189.04,2.82,0,0.2
1759145999,9.971,2.267,188.92,2.55,0,0.0
1759146000,9.964,2.267,188.83,2.35,0,0.0
1759146001,9.945,2.264,188.82,2.20,0,0.2
1759146002,9.983,2.273,188.78,2.07,0,0.3
1759146003,9.961,2.270,188.76,1.96,0,0.0
1759146004,9.968,2.266,188.73,1.86,0,0.2
1759146005,9.959,2.266,188.54,0.69,0,0.2
1759146006,9.965,2.270,188.54,0.61,0,0.0
1759146007,9.965,2.271,188.55,0.61,0,0.0
1759146008,9.938,2.266,188.56,0.63,0,0.2
1759146009,9.950,2.245,188.50,0.51,0,0.0
1759146010,9.998,2.285,188.52,0.50,0,0.2
1759146011,9.988,2.284,188.53,0.55,0,0.0
1759146012,9.945,2.262,188.51,0.48,0,0.0
1759146013,9.950,2.285,188.50,0.48,0,0.2
1759146014,9.964,2.381,188.51,0.48,0,0.5
1759146015,9.952,2.344,188.54,0.52,0,0.0
1759146016,9.974,2.298,188.56,0.51,0,0.0
1759146017,9.983,2.273,188.64,0.76,0,0.0
1759146018,9.930,2.398,188.64,0.75,0,0.5
1759146019,9.955,2.472,188.65,0.74,0,0.0
1759146020,9.862,2.446,188.78,1.22,0,0.0
1759146021,10.059,2.341,188.81,1.23,0,0.2
1759146022,9.951,2.352,188.80,1.21,0,0.0
1759146023,9.984,2.286,188.79,1.21,0,0.0
1759146024,9.953,2.319,188.81,1.21,0,0.2
1759146025,9.954,2.298,188.77,1.21,0,0.2
1759146026,9.944,2.317,188.74,1.20,0,0.0
1759146027,9.982,2.330,188.73,1.20,0,0.0
1759146028,9.954,2.326,188.66,1.06,0,0.2
1759146029,9.959,2.327,188.65,1.05,0,0.2
1759146030,9.985,2.329,188.63,1.05,0,0.3
1759146031,9.929,2.315,188.53,0.32,0,0.0
1759146032,9.975,2.325,188.52,0.19,0,0.0
1759146033,9.962,2.320,188.53,0.19,0,0.2
1759146045,10.645,2.565,190.53,5.60,0,0.0
1759146046,9.958,2.415,189.63,4.16,0,0.2
1759146047,9.962,2.413,189.43,3.44,0,0.0
1759146048,9.951,2.396,189.28,3.01,0,0.0
1759146049,9.964,2.406,189.14,2.71,0,0.0
1759146050,9.957,2.408,189.07,2.48,0,0.5
1759146051,9.972,2.398,189.04,2.31,0,0.2
1759146052,9.974,2.397,189.00,2.17,0,0.0
1759146053,9.945,2.387,188.96,2.05,0,0.0
1759146054,9.947,2.392,188.95,1.94,0,0.5
1759146055,9.981,2.413,188.76,0.25,0,0.0
1759146056,9.967,2.411,188.77,0.25,0,0.0
1759146057,9.952,2.410,188.79,0.28,0,0.2
1759146058,9.977,2.419,188.78,0.25,0,0.0
1759146059,9.927,2.407,188.77,0.26,0,0.0
1759146060,9.953,2.387,188.98,0.82,0,0.0
1759146061,9.906,2.335,189.07,0.95,0,0.2
1759146062,9.932,2.314,189.26,1.21,0,0.2
1759146063,10.017,2.421,189.43,1.31,0,0.0
1759146064,9.955,2.402,189.54,1.37,0,0.2
1759146065,9.982,2.339,189.54,1.38,0,0.3
1759146066,9.964,2.305,189.56,1.37,0,0.0
1759146067,9.932,2.286,189.61,1.36,0,0.2
1759146068,9.980,2.285,189.64,1.39,0,0.0
1759146069,9.970,2.138,189.70,1.47,0,0.2
1759146070,9.952,2.368,189.78,1.53,0,0.0
1759146071,9.952,2.395,189.64,1.43,0,0.0
1759146072,9.893,2.337,189.57,1.38,0,0.2
1759146073,9.955,2.391,189.44,1.21,0,0.0
1759146074,9.920,2.316,189.33,1.10,0,0.2
1759146075,9.853,2.300,189.37,1.53,0,0.2
1759146076,10.058,2.406,189.41,1.52,0,0.0
1759146077,9.952,2.525,189.46,1.65,0,0.0
1759146078,9.978,2.546,189.46,1.73,0,0.0
1759146079,9.973,2.469,189.48,1.72,0,0.5
1759146080,9.947,2.429,189.45,1.64,0,0.0
1759146081,9.984,2.401,189.41,1.55,0,0.0
1759146082,9.985,2.499,189.40,1.56,0,0.0
1759146083,9.959,2.415,189.41,1.58,0,0.5
1759146095,10.655,2.532,190.32,4.25,0,0.7
1759146096,9.974,2.408,189.75,3.14,0,0.0
1759146097,9.948,2.398,189.61,2.60,0,0.0
1759146098,9.974,2.410,189.48,2.27,0,1.0
1759146099,9.954,2.407,189.41,2.04,0,0.2
1759146100,9.909,2.395,189.38,1.87,0,0.0
1759146101,9.976,2.408,189.33,1.73,0,0.2
1759146102,9.939,2.402,189.40,1.77,0,0.5
1759146103,9.985,2.414,189.39,1.67,0,0.0
1759146104,9.901,2.350,189.39,1.59,0,0.2
1759146105,9.962,2.316,189.25,0.68,0,0.5
1759146106,9.996,2.356,189.27,0.67,0,0.0
1759146107,9.960,2.360,189.29,0.68,0,0.0
1759146108,9.957,2.360,189.30,0.67,0,0.0
1759146109,9.977,2.356,189.31,0.67,0,0.2
1759146110,9.953,2.337,189.33,0.67,0,0.2
1759146111,9.979,2.231,189.34,0.67,0,0.2
1759146112,9.978,2.187,189.35,0.66,0,0.0
1759146113,9.927,2.235,189.31,0.26,0,0.0
1759146114,9.998,2.302,189.31,0.26,0,0.0
1759146115,9.954,2.307,189.31,0.29,0,0.0
1759146116,9.931,2.298,189.36,0.37,0,0.0
1759146117,9.975,2.312,189.39,0.39,0,0.2
1759146118,9.958,2.302,189.40,0.39,0,0.0
1759146119,9.954,2.302,189.41,0.40,0,0.2
1759146120,9.978,2.310,189.44,0.41,0,0.0
1759146121,9.969,2.306,189.45,0.42,0,0.0
1759146122,9.947,2.299,189.49,0.44,0,0.2
1759146123,9.969,2.287,189.57,0.69,0,0.0
1759146124,9.943,2.281,189.60,0.76,0,0.2
1759146125,9.948,2.332,189.61,0.76,0,0.2
1759146126,9.962,2.330,189.65,0.74,0,0.0
1759146127,9.969,2.329,189.70,0.77,0,0.0
1759146128,9.958,2.330,189.77,0.77,0,0.2
1759146129,9.968,2.326,189.85,0.78,0,0.2
1759146130,9.966,2.330,189.92,0.79,0,0.0
1759146131,9.937,2.323,189.93,0.78,0,0.2
1759146132,9.977,2.336,189.94,0.78,0,0.0
1759146133,9.971,2.333,189.94,0.77,0,0.2
1759146145,10.589,2.587,192.30,6.75,0,0.1
1759146146,9.929,2.419,191.37,4.99,0,0.0
1759146147,9.953,2.322,190.90,4.17,0,0.0
1759146148,9.970,2.308,190.67,3.66,0,0.0
1759146149,9.970,2.316,190.52,3.29,0,0.0
1759146150,9.980,2.327,190.40,3.03,0,0.2
1759146151,9.997,2.336,190.31,2.82,0,0.2
1759146152,9.896,2.310,190.24,2.65,0,0.0
1759146153,9.953,2.325,190.19,2.50,0,0.2
1759146154,9.961,2.286,190.17,2.38,0,0.2
1759146155,9.947,2.282,190.10,0.71,0,0.2
1759146156,9.989,2.323,190.24,1.48,0,0.0
1759146157,9.968,2.343,190.19,1.48,0,0.0
1759146158,9.957,2.258,190.20,1.48,0,0.2
1759146159,9.968,2.244,190.18,1.48,0,0.0
1759146160,9.961,2.231,190.19,1.49,0,0.2
1759146161,9.952,2.215,190.19,1.49,0,0.0
1759146162,9.977,2.238,190.18,1.49,0,0.0
1759146163,9.969,2.249,190.17,1.49,0,0.2
1759146164,9.929,2.229,190.20,1.50,0,0.2
1759146165,9.968,2.218,190.18,1.50,0,0.0
1759146166,9.953,2.216,190.01,1.40,0,0.0
1759146167,9.964,2.216,189.87,0.50,0,0.0
1759146168,9.970,2.223,189.84,0.49,0,0.2
1759146169,9.904,2.198,189.99,0.85,0,0.0
1759146170,9.997,2.244,190.05,1.02,0,0.0
1759146171,9.911,2.217,190.12,1.12,0,0.0
1759146172,9.992,2.237,190.15,1.15,0,0.5
1759146173,9.926,2.195,190.17,1.15,0,0.0
1759146174,9.978,2.228,190.19,1.14,0,0.0
1759146175,9.948,2.223,190.17,1.13,0,0.0
1759146176,9.964,2.228,190.17,1.13,0,0.2
1759146177,9.971,2.230,190.16,1.13,0,0.0
1759146178,9.948,2.230,190.15,1.11,0,0.0
1759146179,9.959,2.239,190.17,1.10,0,0.2
1759146180,9.966,2.249,189.94,0.66,0,0.0
1759146181,9.960,2.252,189.96,0.65,0,0.2
1759146182,9.955,2.253,189.92,0.46,0,0.2
1759146183,9.974,2.250,189.89,0.30,0,0.0
1759146195,10.755,2.402,190.22,2.12,0,0.0
1759146196,9.948,2.224,189.93,1.57,0,0.2
1759146197,9.967,2.227,189.82,1.30,0,0.0
1759146198,9.959,2.226,189.78,1.14,0,0.0
1759146199,9.940,2.209,189.75,1.03,0,0.0
1759146200,9.989,2.230,189.80,1.02,0,0.0
1759146201,9.925,2.227,189.79,0.96,0,0.2
1759146202,9.950,2.234,189.81,0.91,0,0.2
1759146203,9.953,2.236,189.81,0.87,0,0.0
1759146204,9.972,2.240,189.78,0.83,0,0.2
1759146205,9.961,2.289,189.73,0.44,0,0.0
1759146206,9.981,2.268,189.74,0.44,0,0.0
1759146207,9.950,2.271,189.85,0.65,0,0.2
1759146208,9.920,2.290,190.04,0.90,0,0.2
1759146209,9.983,2.394,190.12,0.95,0,0.2
1759146210,9.967,2.418,190.34,1.40,0,0.0
1759146211,9.955,2.411,190.32,1.38,0,0.0
1759146212,9.983,2.420,190.32,1.38,0,0.0
1759146213,9.954,2.417,190.31,1.38,0,0.5
1759146214,9.957,2.417,190.32,1.37,0,0.0
1759146215,9.961,2.428,190.37,1.35,0,0.2
1759146216,9.953,2.402,190.39,1.34,0,0.0
1759146217,9.952,2.399,190.41,1.33,0,0.5
1759146218,9.968,2.399,190.33,1.30,0,0.0
1759146219,9.964,2.396,190.27,1.26,0,0.0
1759146220,9.968,2.404,190.23,1.24,0,0.2
1759146221,9.961,2.387,190.03,0.65,0,0.0
1759146222,9.947,2.381,190.03,0.65,0,0.2
1759146223,9.969,2.315,190.04,0.64,0,0.0
1759146224,9.954,2.369,190.04,0.64,0,0.0
1759146225,9.950,2.399,190.04,0.64,0,0.0
1759146226,9.966,2.413,190.02,0.64,0,0.5
1759146227,9.974,2.441,190.01,0.64,0,0.0
1759146228,9.945,2.369,189.99,0.64,0,0.0
1759146229,9.963,2.357,189.98,0.58,0,0.0
1759146230,9.626,2.342,190.43,4.09,0,0.0
1759146231,10.097,2.424,190.82,4.72,0,0.2
1759146232,10.020,2.422,192.19,7.67,0,0.0
1759146233,9.981,2.397,192.70,7.94,0,0.2
1759146245,10.547,2.494,191.47,4.55,0,0.0
1759146246,9.972,2.352,190.80,3.37,0,0.0
1759146247,9.961,2.348,190.56,2.80,0,0.0
1759146248,9.962,2.350,190.48,2.44,0,0.2
1759146249,9.957,2.347,190.44,2.19,0,0.0
1759146250,9.942,2.359,190.49,2.05,0,0.2
1759146251,9.968,2.374,190.50,1.92,0,0.0
1759146252,9.935,2.360,190.50,1.83,0,0.2
1759146253,9.973,2.356,190.52,1.79,0,0.0
1759146254,9.957,2.398,190.63,2.05,0,0.2
1759146255,9.991,2.419,190.49,1.32,0,0.0
1759146256,9.920,2.368,190.51,1.32,0,0.2
1759146257,9.967,2.360,190.56,1.38,0,0.0
1759146258,9.934,2.379,190.60,1.37,0,0.0
1759146259,9.974,2.388,190.61,1.37,0,0.0
1759146260,9.974,2.383,190.62,1.37,0,0.2
1759146261,9.943,2.358,190.57,1.35,0,0.2
1759146262,9.950,2.330,190.56,1.34,0,0.0
1759146263,9.969,2.334,190.55,1.32,0,0.0
1759146264,9.966,2.336,190.53,1.27,0,0.2
1759146265,9.944,2.330,190.43,0.62,0,0.0
1759146266,9.975,2.337,190.40,0.62,0,0.0
1759146267,9.932,2.371,190.46,0.78,0,0.0
1759146268,9.985,2.376,190.45,0.66,0,0.0
1759146269,9.950,2.370,190.45,0.67,0,0.2
1759146270,9.970,2.377,190.46,0.67,0,0.2
1759146271,9.960,2.373,190.46,0.65,0,0.0
1759146272,9.959,2.372,190.50,0.65,0,0.0
1759146273,9.961,2.374,190.49,0.64,0,0.0
1759146274,9.965,2.380,190.50,0.64,0,0.0
1759146275,9.965,2.376,190.51,0.60,0,0.0
1759146276,9.987,2.380,190.50,0.60,0,0.5
1759146277,9.930,2.368,190.52,0.59,0,0.0
1759146278,9.973,2.373,190.49,0.38,0,0.0
1759146279,9.970,2.373,190.47,0.37,0,0.0
1759146280,9.949,2.369,190.49,0.38,0,0.2
1759146281,9.944,2.370,190.49,0.39,0,0.0
1759146282,9.973,2.375,190.50,0.40,0,0.0
1759146283,9.949,2.366,190.50,0.41,0,0.0
1759146295,10.613,2.524,191.91,2.71,0,0.0
1759146296,9.936,2.361,191.49,2.02,0,0.0
1759146297,9.960,2.377,191.36,1.71,0,0.0
1759146298,9.961,2.375,191.52,2.06,0,0.0
1759146299,9.966,2.362,191.37,1.87,0,0.2
1759146300,9.954,2.400,191.43,1.85,0,0.2
1759146301,9.953,2.396,191.47,1.82,0,0.0
1759146302,9.966,2.391,191.48,1.73,0,0.2
1759146303,9.947,2.387,191.44,1.65,0,0.2
1759146304,9.995,2.403,191.41,1.57,0,0.0
1759146305,9.946,2.326,191.28,1.25,0,0.2
1759146306,9.989,2.356,191.28,1.24,0,0.0
1759146307,9.940,2.365,191.28,1.25,0,0.0
1759146308,9.969,2.275,191.34,1.30,0,0.2
1759146309,9.959,2.240,191.27,1.01,0,0.2
1759146310,9.969,2.260,191.39,1.39,0,0.0
1759146311,9.949,2.261,191.31,1.30,0,0.0
1759146312,10.013,2.276,191.23,1.19,0,0.0
1759146313,9.892,2.251,191.19,1.17,0,0.0
1759146314,9.998,2.274,191.17,1.16,0,0.2
1759146315,9.967,2.262,191.16,1.16,0,0.2
1759146316,9.984,2.261,191.14,1.16,0,0.0
1759146317,9.951,2.287,191.14,1.15,0,0.0
1759146318,9.972,2.264,191.12,1.15,0,0.0
1759146319,9.956,2.254,191.04,1.01,0,0.2
1759146320,9.926,2.253,190.94,0.18,0,0.2
1759146322,10.015,2.273,190.94,0.18,0,0.0
1759146323,9.937,2.254,190.97,0.22,0,0.0
1759146324,9.978,2.256,190.97,0.22,0,0.5
1759146325,9.999,2.287,190.96,0.21,0,0.0
1759146326,9.909,2.239,190.96,0.22,0,0.2
1759146327,9.961,2.256,190.98,0.21,0,0.0
1759146328,9.971,2.262,190.99,0.22,0,0.2
1759146329,9.963,2.269,191.01,0.22,0,0.0
1759146330,9.965,2.274,191.00,0.22,0,0.2
1759146331,9.983,2.276,191.00,0.22,0,0.0
1759146332,9.936,2.269,191.01,0.23,0,0.2
1759146333,9.947,2.264,191.03,0.26,0,0.0
1759146334,9.991,2.277,191.03,0.25,0,0.2
1759146345,10.597,2.409,192.43,3.56,0,0.0
1759146346,9.993,2.270,192.01,2.64,0,0.0
1759146347,9.920,2.263,191.93,2.26,0,0.2
1759146348,9.998,2.298,191.95,2.10,0,0.0
1759146349,9.950,2.221,191.83,1.91,0,0.0
1759146350,9.980,2.186,191.97,2.13,0,0.0
1759146351,9.937,2.214,191.97,2.05,0,0.0
1759146352,9.979,2.215,191.95,2.01,0,0.5
1759146353,9.953,2.187,191.88,1.90,0,0.0
1759146354,9.976,2.299,191.85,1.81,0,0.0
1759146355,9.944,2.272,191.73,1.32,0,0.0
1759146356,9.955,2.246,191.76,1.32,0,0.0
1759146357,9.961,2.243,191.79,1.31,0,0.2
1759146358,9.962,2.229,191.82,1.27,0,0.2
1759146359,9.985,2.233,191.88,1.26,0,0.0
1759146360,9.970,2.230,191.92,1.27,0,0.0
1759146361,9.949,2.211,191.86,0.97,0,0.2
1759146362,9.969,2.202,191.82,0.89,0,0.2
1759146363,9.954,2.187,191.81,0.76,0,0.0
1759146364,9.961,2.182,191.94,1.42,0,0.0
1759146365,9.966,2.202,191.92,1.43,0,0.2
1759146366,9.978,2.196,191.90,1.43,0,0.2
1759146367,9.950,2.195,191.87,1.43,0,0.0
1759146368,9.969,2.194,191.86,1.45,0,0.0
1759146369,9.964,2.189,191.80,1.45,0,0.2
1759146370,9.945,2.191,191.72,1.39,0,0.0
1759146371,9.945,2.192,191.70,1.37,0,0.2
1759146372,9.958,2.183,191.66,1.32,0,0.0
1759146373,9.951,2.182,191.65,1.30,0,0.0
1759146374,9.962,2.195,191.66,1.29,0,0.3
1759146375,9.974,2.197,191.55,0.39,0,0.2
1759146376,9.970,2.198,191.56,0.40,0,0.2
1759146377,9.957,2.195,191.59,0.40,0,0.0
1759146378,9.964,2.190,191.61,0.40,0,0.0
1759146379,9.944,2.185,191.60,0.33,0,0.0
1759146380,9.975,2.193,191.62,0.33,0,0.5
1759146381,9.956,2.192,191.61,0.32,0,0.0
1759146382,9.958,2.184,191.63,0.33,0,0.0
1759146383,9.976,2.191,191.65,0.35,0,0.0
1759146395,10.664,2.337,192.80,3.46,0,0.0
1759146396,9.943,2.237,192.35,2.71,0,0.0
1759146397,9.984,2.225,192.04,2.28,0,0.5
1759146398,9.945,2.237,192.02,2.06,0,0.0
1759146399,9.963,2.248,191.95,1.91,0,0.5
1759146400,9.951,2.254,191.98,1.96,0,0.0
1759146401,9.978,2.309,191.89,1.83,0,0.0
1759146402,9.953,2.275,191.83,1.72,0,0.0
1759146403,9.956,2.256,191.81,1.64,0,0.0
1759146404,9.962,2.262,191.77,1.56,0,0.2
1759146405,9.954,2.243,191.64,1.15,0,0.2
1759146406,9.945,2.239,191.58,0.97,0,0.0
1759146407,9.987,2.243,191.52,0.89,0,0.0
1759146408,9.948,2.236,191.52,0.88,0,0.0
1759146409,9.945,2.230,191.47,0.81,0,0.5
1759146410,9.957,2.229,191.43,0.74,0,0.0
1759146411,9.962,2.231,191.37,0.29,0,0.2
1759146412,9.954,2.231,191.38,0.29,0,0.0
1759146413,9.915,2.226,191.37,0.28,0,0.0
1759146414,9.979,2.239,191.34,0.20,0,0.0
1759146415,9.964,2.233,191.35,0.20,0,0.2
1759146416,9.946,2.234,191.35,0.20,0,0.0
1759146417,9.923,2.232,191.36,0.20,0,0.2
1759146418,9.993,2.242,191.38,0.20,0,0.0
1759146419,9.974,2.237,191.39,0.20,0,0.0
1759146420,9.950,2.233,191.41,0.19,0,0.2
1759146421,9.948,2.230,191.47,0.51,0,0.5
1759146422,9.964,2.240,191.47,0.50,0,0.0
1759146423,9.964,2.220,191.49,0.50,0,0.2
1759146424,9.898,2.215,191.67,1.04,0,0.0
1759146425,10.012,2.270,191.68,1.03,0,0.0
1759146426,9.892,2.231,191.76,1.15,0,0.2
1759146427,10.019,2.265,191.77,1.14,0,0.0
1759146428,9.970,2.255,191.78,1.15,0,0.2
1759146429,9.965,2.249,191.79,1.14,0,0.0
1759146430,9.961,2.250,191.81,1.15,0,0.0
1759146431,9.968,2.248,191.81,1.15,0,0.5
1759146432,9.965,2.251,191.78,1.06,0,0.0
1759146433,9.943,2.244,191.78,1.07,0,0.0
1759146445,10.639,2.406,192.23,1.98,0,0.0
1759146446,9.970,2.265,191.96,1.46,0,0.2
1759146447,9.938,2.260,191.86,1.21,0,0.0
1759146448,9.949,2.262,191.89,1.12,0,0.0
1759146449,9.980,2.271,191.82,1.01,0,0.2
1759146450,9.969,2.271,191.81,0.93,0,0.0
1759146451,9.965,2.269,191.79,0.86,0,0.2
1759146452,9.964,2.266,191.83,0.90,0,0.0
1759146453,9.965,2.339,191.82,0.86,0,0.0
1759146454,9.963,2.424,191.82,0.82,0,0.5
1759146455,9.964,2.383,191.75,0.46,0,0.0
1759146456,9.954,2.305,191.78,0.48,0,0.0
1759146457,9.978,2.247,191.89,0.87,0,0.2
1759146458,9.962,2.263,192.19,2.39,0,0.2
1759146459,9.967,2.277,192.19,2.38,0,0.0
1759146460,9.900,2.264,192.26,2.40,0,0.2
1759146461,10.053,2.259,192.34,2.44,0,0.2
1759146462,9.930,2.219,192.35,2.45,0,0.0
1759146463,9.938,2.191,192.34,2.43,0,0.2
1759146464,10.019,2.245,192.35,2.43,0,0.2
1759146465,9.928,2.238,192.36,2.44,0,0.0
1759146466,9.950,2.243,192.36,2.44,0,0.2
1759146467,9.958,2.270,192.33,2.41,0,0.0
1759146468,9.973,2.359,192.28,2.34,0,0.0
1759146469,9.954,2.350,192.03,0.85,0,0.5
1759146470,9.944,2.378,192.02,0.85,0,0.0
1759146471,9.975,2.377,191.99,0.76,0,0.2
1759146472,9.944,2.376,191.95,0.55,0,0.5
1759146473,9.982,2.345,191.96,0.55,0,0.0
1759146474,9.960,2.286,191.97,0.55,0,0.0
1759146475,9.950,2.273,191.97,0.49,0,0.0
1759146476,9.965,2.275,191.97,0.49,0,0.5
1759146477,9.955,2.271,191.99,0.50,0,0.0
1759146478,9.955,2.271,192.01,0.54,0,0.0
1759146479,9.967,2.273,192.04,0.58,0,0.5
1759146480,9.983,2.278,192.03,0.43,0,0.2
1759146481,9.955,2.291,192.04,0.44,0,0.0
1759146482,9.972,2.333,192.04,0.44,0,0.0
1759146483,9.994,2.326,192.01,0.42,0,0.0
1759146495,10.645,2.558,193.89,4.47,0,0.0
1759146496,9.970,2.406,193.14,3.34,0,0.0
1759146497,9.949,2.399,192.90,2.79,0,0.5
